[
	{
		"id": 301,
		"site_name": "Adin Mtn (301), Modoc County, California (CA)"
	},
	{
		"id": 907,
		"site_name": "Agua Canyon (907), Kane County, Utah (UT)"
	},
	{
		"id": 916,
		"site_name": "Albro Lake (916), Madison County, Montana (MT)"
	},
	{
		"id": 1267,
		"site_name": "Alexander Lake (1267), Matanuska-susitna County, Alaska (AK)"
	},
	{
		"id": 908,
		"site_name": "Alpine Meadows (908), King County, Washington (WA)"
	},
	{
		"id": 1189,
		"site_name": "American Creek (1189), Southeast Fairbanks County, Alaska (AK)"
	},
	{
		"id": 1062,
		"site_name": "Anchor River Divide (1062), Kenai Peninsula County, Alaska (AK)"
	},
	{
		"id": 1070,
		"site_name": "Anchorage Hillside (1070), Anchorage County, Alaska (AK)"
	},
	{
		"id": 302,
		"site_name": "Aneroid Lake #2 (302), Wallowa County, Oregon (OR)"
	},
	{
		"id": 1000,
		"site_name": "Annie Springs (1000), Klamath County, Oregon (OR)"
	},
	{
		"id": 303,
		"site_name": "Apishapa (303), Huerfano County, Colorado (CO)"
	},
	{
		"id": 1030,
		"site_name": "Arapaho Ridge (1030), Grand County, Colorado (CO)"
	},
	{
		"id": 304,
		"site_name": "Arbuckle Mtn (304), Morrow County, Oregon (OR)"
	},
	{
		"id": 957,
		"site_name": "Arbuckle Mtn (304), Morrow County, Oregon (OR)"
	},
	{
		"id": 306,
		"site_name": "Atlanta Summit (306), Elmore County, Idaho (ID)"
	},
	{
		"id": 307,
		"site_name": "Badger Pass (307), Flathead County, Montana (MT)"
	},
	{
		"id": 308,
		"site_name": "Baker Butte (308), Gila County, Arizona (AZ)"
	},
	{
		"id": 1140,
		"site_name": "Baker Butte Smt (1140), Coconino County, Arizona (AZ)"
	},
	{
		"id": 309,
		"site_name": "Bald Mtn. (309), Big Horn County, Wyoming (WY)"
	},
	{
		"id": 310,
		"site_name": "Baldy (310), Apache County, Arizona (AZ)"
	},
	{
		"id": 311,
		"site_name": "Banfield Mountain (311), Lincoln County, Montana (MT)"
	},
	{
		"id": 312,
		"site_name": "Banner Summit (312), Boise County, Idaho (ID)"
	},
	{
		"id": 1212,
		"site_name": "Bar M (1212), Coconino County, Arizona (AZ)"
	},
	{
		"id": 313,
		"site_name": "Barker Lakes (313), Deer Lodge County, Montana (MT)"
	},
	{
		"id": 314,
		"site_name": "Base Camp (314), Teton County, Wyoming (WY)"
	},
	{
		"id": 315,
		"site_name": "Basin Creek (315), Silver Bow County, Montana (MT)"
	},
	{
		"id": 316,
		"site_name": "Bateman (316), Rio Arriba County, New Mexico (NM)"
	},
	{
		"id": 317,
		"site_name": "Battle Mountain (317), Carbon County, Wyoming (WY)"
	},
	{
		"id": 318,
		"site_name": "Beagle Springs (318), Beaverhead County, Montana (MT)"
	},
	{
		"id": 319,
		"site_name": "Bear Basin (319), Adams County, Idaho (ID)"
	},
	{
		"id": 320,
		"site_name": "Bear Canyon (320), Custer County, Idaho (ID)"
	},
	{
		"id": 321,
		"site_name": "Bear Creek (321), Elko County, Nevada (NV)"
	},
	{
		"id": 1166,
		"site_name": "Bear Grass (1166), Linn County, Oregon (OR)"
	},
	{
		"id": 322,
		"site_name": "Bear Lake (322), Larimer County, Colorado (CO)"
	},
	{
		"id": 323,
		"site_name": "Bear Mountain (323), Bonner County, Idaho (ID)"
	},
	{
		"id": 1061,
		"site_name": "Bear River (1061), Routt County, Colorado (CO)"
	},
	{
		"id": 992,
		"site_name": "Bear River RS (992), Summit County, Utah (UT)"
	},
	{
		"id": 324,
		"site_name": "Bear Saddle (324), Washington County, Idaho (ID)"
	},
	{
		"id": 325,
		"site_name": "Bear Trap Meadow (325), Johnson County, Wyoming (WY)"
	},
	{
		"id": 326,
		"site_name": "Beartooth Lake (326), Park County, Wyoming (WY)"
	},
	{
		"id": 327,
		"site_name": "Beartown (327), Mineral County, Colorado (CO)"
	},
	{
		"id": 1041,
		"site_name": "Beaver Ck Village (1041), Eagle County, Colorado (CO)"
	},
	{
		"id": 328,
		"site_name": "Beaver Creek (328), Gallatin County, Montana (MT)"
	},
	{
		"id": 329,
		"site_name": "Beaver Dams (329), Sanpete County, Utah (UT)"
	},
	{
		"id": 330,
		"site_name": "Beaver Divide (330), Summit County, Utah (UT)"
	},
	{
		"id": 902,
		"site_name": "Beaver Head (902), Greenlee County, Arizona (AZ)"
	},
	{
		"id": 990,
		"site_name": "Beaver Pass (990), Whatcom County, Washington (WA)"
	},
	{
		"id": 331,
		"site_name": "Beaver Reservoir (331), Union County, Oregon (OR)"
	},
	{
		"id": 1143,
		"site_name": "Beaver Spring (1143), Apache County, Arizona (AZ)"
	},
	{
		"id": 332,
		"site_name": "Ben Lomond Peak (332), Weber County, Utah (UT)"
	},
	{
		"id": 333,
		"site_name": "Ben Lomond Trail (333), Weber County, Utah (UT)"
	},
	{
		"id": 334,
		"site_name": "Berry Creek (334), White Pine County, Nevada (NV)"
	},
	{
		"id": 335,
		"site_name": "Berthoud Summit (335), Grand County, Colorado (CO)"
	},
	{
		"id": 1182,
		"site_name": "Bettles Field (1182), Yukon-koyukuk County, Alaska (AK)"
	},
	{
		"id": 1214,
		"site_name": "Bevans Cabin (1214), Tooele County, Utah (UT)"
	},
	{
		"id": 336,
		"site_name": "Big Bend (336), Elko County, Nevada (NV)"
	},
	{
		"id": 337,
		"site_name": "Big Creek Sum (337), Lander County, Nevada (NV)"
	},
	{
		"id": 338,
		"site_name": "Big Creek Summit (338), Valley County, Idaho (ID)"
	},
	{
		"id": 339,
		"site_name": "Big Flat (339), Beaver County, Utah (UT)"
	},
	{
		"id": 931,
		"site_name": "Big Goose (931), Sheridan County, Wyoming (WY)"
	},
	{
		"id": 340,
		"site_name": "Big Meadow (340), Washoe County, Nevada (NV)"
	},
	{
		"id": 341,
		"site_name": "Big Red Mountain (341), Jackson County, Oregon (OR)"
	},
	{
		"id": 342,
		"site_name": "Big Sandy Opening (342), Sublette County, Wyoming (WY)"
	},
	{
		"id": 343,
		"site_name": "Bigelow Camp (343), Josephine County, Oregon (OR)"
	},
	{
		"id": 344,
		"site_name": "Billie Creek Divide (344), Klamath County, Oregon (OR)"
	},
	{
		"id": 1155,
		"site_name": "Bird Creek (1155), White Pine County, Nevada (NV)"
	},
	{
		"id": 345,
		"site_name": "Bison Lake (345), Garfield County, Colorado (CO)"
	},
	{
		"id": 346,
		"site_name": "Bisson Creek (346), Lake County, Montana (MT)"
	},
	{
		"id": 347,
		"site_name": "Black Bear (347), Gallatin County, Montana (MT)"
	},
	{
		"id": 348,
		"site_name": "Black Flat-U.M. Ck (348), Sevier County, Utah (UT)"
	},
	{
		"id": 1185,
		"site_name": "Black Mesa (1185), Dolores County, Colorado (CO)"
	},
	{
		"id": 1161,
		"site_name": "Black Mountain (1161), Larimer County, Colorado (CO)"
	},
	{
		"id": 349,
		"site_name": "Black Pine (349), Granite County, Montana (MT)"
	},
	{
		"id": 1119,
		"site_name": "Blackhall Mtn (1119), Carbon County, Wyoming (WY)"
	},
	{
		"id": 1162,
		"site_name": "Blacks Fork Jct (1162), Summit County, Utah (UT)"
	},
	{
		"id": 1144,
		"site_name": "Blacktail Mtn (1144), Flathead County, Montana (MT)"
	},
	{
		"id": 350,
		"site_name": "Blackwater (350), Park County, Wyoming (WY)"
	},
	{
		"id": 351,
		"site_name": "Blazed Alder (351), Clackamas County, Oregon (OR)"
	},
	{
		"id": 352,
		"site_name": "Blewett Pass (352), Chelan County, Washington (WA)"
	},
	{
		"id": 353,
		"site_name": "Blind Bull Sum (353), Sublette County, Wyoming (WY)"
	},
	{
		"id": 354,
		"site_name": "Blind Park (354), Pennington County, South Dakota (SD)"
	},
	{
		"id": 355,
		"site_name": "Bloody Dick (355), Beaverhead County, Montana (MT)"
	},
	{
		"id": 356,
		"site_name": "Blue Lakes (356), Alpine County, California (CA)"
	},
	{
		"id": 357,
		"site_name": "Blue Mountain Spring (357), Grant County, Oregon (OR)"
	},
	{
		"id": 1278,
		"site_name": "Bobs Hollow (1278), Millard County, Utah (UT)"
	},
	{
		"id": 978,
		"site_name": "Bogus Basin (978), Boise County, Idaho (ID)"
	},
	{
		"id": 358,
		"site_name": "Bone Springs Div (358), Sheridan County, Wyoming (WY)"
	},
	{
		"id": 359,
		"site_name": "Bostetter R.S. (359), Cassia County, Idaho (ID)"
	},
	{
		"id": 360,
		"site_name": "Boulder Mountain (360), Meagher County, Montana (MT)"
	},
	{
		"id": 361,
		"site_name": "Bourne (361), Baker County, Oregon (OR)"
	},
	{
		"id": 362,
		"site_name": "Bowman Springs (362), Umatilla County, Oregon (OR)"
	},
	{
		"id": 363,
		"site_name": "Box Canyon (363), Park County, Montana (MT)"
	},
	{
		"id": 364,
		"site_name": "Box Creek (364), Sevier County, Utah (UT)"
	},
	{
		"id": 1156,
		"site_name": "Box Springs (1156), Piute County, Utah (UT)"
	},
	{
		"id": 365,
		"site_name": "Brackett Creek (365), Gallatin County, Montana (MT)"
	},
	{
		"id": 1154,
		"site_name": "Brian Head (1154), Iron County, Utah (UT)"
	},
	{
		"id": 366,
		"site_name": "Brighton (366), Salt Lake County, Utah (UT)"
	},
	{
		"id": 1111,
		"site_name": "Bristlecone Trail (1111), Clark County, Nevada (NV)"
	},
	{
		"id": 367,
		"site_name": "Brooklyn Lake (367), Albany County, Wyoming (WY)"
	},
	{
		"id": 368,
		"site_name": "Brown Duck (368), Duchesne County, Utah (UT)"
	},
	{
		"id": 1080,
		"site_name": "Brown Top (1080), Whatcom County, Washington (WA)"
	},
	{
		"id": 369,
		"site_name": "Brumley (369), Lake County, Colorado (CO)"
	},
	{
		"id": 370,
		"site_name": "Brundage Reservoir (370), Adams County, Idaho (ID)"
	},
	{
		"id": 371,
		"site_name": "Buck Flat (371), Sanpete County, Utah (UT)"
	},
	{
		"id": 1192,
		"site_name": "Buck Pasture (1192), Summit County, Utah (UT)"
	},
	{
		"id": 1153,
		"site_name": "Buckboard Flat (1153), San Juan County, Utah (UT)"
	},
	{
		"id": 1107,
		"site_name": "Buckinghorse (1107), Jefferson County, Washington (WA)"
	},
	{
		"id": 938,
		"site_name": "Buckskin Joe (938), Park County, Colorado (CO)"
	},
	{
		"id": 373,
		"site_name": "Buckskin Lower (373), Humboldt County, Nevada (NV)"
	},
	{
		"id": 913,
		"site_name": "Buffalo Park (913), Grand County, Colorado (CO)"
	},
	{
		"id": 374,
		"site_name": "Bug Lake (374), Rich County, Utah (UT)"
	},
	{
		"id": 375,
		"site_name": "Bumping Ridge (375), Yakima County, Washington (WA)"
	},
	{
		"id": 376,
		"site_name": "Bunchgrass Mdw (376), Pend Oreille County, Washington (WA)"
	},
	{
		"id": 377,
		"site_name": "Burgess Junction (377), Sheridan County, Wyoming (WY)"
	},
	{
		"id": 1051,
		"site_name": "Burnside Lake (1051), Alpine County, California (CA)"
	},
	{
		"id": 942,
		"site_name": "Burnt Mountain (942), Pierce County, Washington (WA)"
	},
	{
		"id": 981,
		"site_name": "Burnt Mtn (981), Carbon County, Montana (MT)"
	},
	{
		"id": 378,
		"site_name": "Burro Mountain (378), Rio Blanco County, Colorado (CO)"
	},
	{
		"id": 379,
		"site_name": "Burroughs Creek (379), Fremont County, Wyoming (WY)"
	},
	{
		"id": 1135,
		"site_name": "Burts Miller Ranch (1135), Summit County, Utah (UT)"
	},
	{
		"id": 380,
		"site_name": "Butte (380), Gunnison County, Colorado (CO)"
	},
	{
		"id": 1109,
		"site_name": "Calamity (1109), Skamania County, Washington (WA)"
	},
	{
		"id": 381,
		"site_name": "Calvert Creek (381), Deer Lodge County, Montana (MT)"
	},
	{
		"id": 382,
		"site_name": "Camas Creek Divide (382), Elmore County, Idaho (ID)"
	},
	{
		"id": 383,
		"site_name": "Camp Jackson (383), San Juan County, Utah (UT)"
	},
	{
		"id": 384,
		"site_name": "Canyon (384), Park County, Wyoming (WY)"
	},
	{
		"id": 385,
		"site_name": "Carrot Basin (385), Gallatin County, Montana (MT)"
	},
	{
		"id": 1067,
		"site_name": "Carson Pass (1067), Alpine County, California (CA)"
	},
	{
		"id": 387,
		"site_name": "Cascade #2 (387), San Juan County, Colorado (CO)"
	},
	{
		"id": 386,
		"site_name": "Cascade (386), San Juan County, Colorado (CO)"
	},
	{
		"id": 1039,
		"site_name": "Cascade Mountain (1039), Utah County, Utah (UT)"
	},
	{
		"id": 388,
		"site_name": "Cascade Summit (388), Deschutes County, Oregon (OR)"
	},
	{
		"id": 389,
		"site_name": "Casper Mtn. (389), Natrona County, Wyoming (WY)"
	},
	{
		"id": 1130,
		"site_name": "Castle Creek (1130), Fremont County, Wyoming (WY)"
	},
	{
		"id": 390,
		"site_name": "Castle Valley (390), Iron County, Utah (UT)"
	},
	{
		"id": 1152,
		"site_name": "Cave Mountain (1152), White Pine County, Nevada (NV)"
	},
	{
		"id": 1085,
		"site_name": "Cayuse Pass (1085), Pierce County, Washington (WA)"
	},
	{
		"id": 391,
		"site_name": "Cedar Pass (391), Modoc County, California (CA)"
	},
	{
		"id": 1139,
		"site_name": "Chalender (1139), Coconino County, Arizona (AZ)"
	},
	{
		"id": 392,
		"site_name": "Chalk Creek #1 (392), Summit County, Utah (UT)"
	},
	{
		"id": 393,
		"site_name": "Chalk Creek #2 (393), Summit County, Utah (UT)"
	},
	{
		"id": 394,
		"site_name": "Chamita (394), Rio Arriba County, New Mexico (NM)"
	},
	{
		"id": 1101,
		"site_name": "Chapman Tunnel (1101), Pitkin County, Colorado (CO)"
	},
	{
		"id": 395,
		"site_name": "Chemult Alternate (395), Klamath County, Oregon (OR)"
	},
	{
		"id": 396,
		"site_name": "Chepeta (396), Duchesne County, Utah (UT)"
	},
	{
		"id": 1093,
		"site_name": "Chisana (1093), Southeast Fairbanks County, Alaska (AK)"
	},
	{
		"id": 895,
		"site_name": "Chocolate Gulch (895), Blaine County, Idaho (ID)"
	},
	{
		"id": 1046,
		"site_name": "Cinnabar Park (1046), Albany County, Wyoming (WY)"
	},
	{
		"id": 398,
		"site_name": "Clackamas Lake (398), Clackamas County, Oregon (OR)"
	},
	{
		"id": 983,
		"site_name": "Clayton Springs (983), Garfield County, Utah (UT)"
	},
	{
		"id": 399,
		"site_name": "Clear Creek #1 (399), Utah County, Utah (UT)"
	},
	{
		"id": 400,
		"site_name": "Clear Creek #2 (400), Utah County, Utah (UT)"
	},
	{
		"id": 401,
		"site_name": "Clear Lake (401), Wasco County, Oregon (OR)"
	},
	{
		"id": 402,
		"site_name": "Cloud Peak Reservoir (402), Johnson County, Wyoming (WY)"
	},
	{
		"id": 403,
		"site_name": "Clover Meadow (403), Madison County, Montana (MT)"
	},
	{
		"id": 1059,
		"site_name": "Cochetopa Pass (1059), Saguache County, Colorado (CO)"
	},
	{
		"id": 405,
		"site_name": "Cold Springs (405), Fremont County, Wyoming (WY)"
	},
	{
		"id": 406,
		"site_name": "Cold Springs Camp (406), Klamath County, Oregon (OR)"
	},
	{
		"id": 958,
		"site_name": "Coldfoot (958), Yukon-koyukuk County, Alaska (AK)"
	},
	{
		"id": 982,
		"site_name": "Cole Canyon (982), Crook County, Wyoming (WY)"
	},
	{
		"id": 407,
		"site_name": "Cole Creek (407), Carbon County, Montana (MT)"
	},
	{
		"id": 1204,
		"site_name": "Columbia Basin (1204), Elko County, Nevada (NV)"
	},
	{
		"id": 408,
		"site_name": "Columbine (408), Jackson County, Colorado (CO)"
	},
	{
		"id": 409,
		"site_name": "Columbine Pass (409), Montrose County, Colorado (CO)"
	},
	{
		"id": 904,
		"site_name": "Columbus Basin (904), La Plata County, Colorado (CO)"
	},
	{
		"id": 410,
		"site_name": "Combination (410), Granite County, Montana (MT)"
	},
	{
		"id": 411,
		"site_name": "Cool Creek (411), Clearwater County, Idaho (ID)"
	},
	{
		"id": 959,
		"site_name": "Cooper Lake (959), Kenai Peninsula County, Alaska (AK)"
	},
	{
		"id": 412,
		"site_name": "Copeland Lake (412), Boulder County, Colorado (CO)"
	},
	{
		"id": 413,
		"site_name": "Copper Bottom (413), Lewis And Clark County, Montana (MT)"
	},
	{
		"id": 414,
		"site_name": "Copper Camp (414), Lewis And Clark County, Montana (MT)"
	},
	{
		"id": 415,
		"site_name": "Copper Mountain (415), Summit County, Colorado (CO)"
	},
	{
		"id": 1209,
		"site_name": "Corduroy Flat (1209), White Pine County, Nevada (NV)"
	},
	{
		"id": 416,
		"site_name": "Coronado Trail (416), Apache County, Arizona (AZ)"
	},
	{
		"id": 1236,
		"site_name": "Corral (1236), Carbon County, Utah (UT)"
	},
	{
		"id": 417,
		"site_name": "Corral Canyon (417), Elko County, Nevada (NV)"
	},
	{
		"id": 418,
		"site_name": "Corral Pass (418), Pierce County, Washington (WA)"
	},
	{
		"id": 419,
		"site_name": "Cottonwood Creek (419), Lincoln County, Wyoming (WY)"
	},
	{
		"id": 420,
		"site_name": "Cougar Mountain (420), King County, Washington (WA)"
	},
	{
		"id": 422,
		"site_name": "County Line (422), Umatilla County, Oregon (OR)"
	},
	{
		"id": 423,
		"site_name": "Cozy Cove (423), Valley County, Idaho (ID)"
	},
	{
		"id": 424,
		"site_name": "Crab Creek (424), Clark County, Idaho (ID)"
	},
	{
		"id": 425,
		"site_name": "Crater Meadows (425), Clearwater County, Idaho (ID)"
	},
	{
		"id": 1010,
		"site_name": "Crazyman Flat (1010), Klamath County, Oregon (OR)"
	},
	{
		"id": 426,
		"site_name": "Crosho (426), Rio Blanco County, Colorado (CO)"
	},
	{
		"id": 1045,
		"site_name": "Crow Creek (1045), Albany County, Wyoming (WY)"
	},
	{
		"id": 977,
		"site_name": "Crowder Flat (977), Modoc County, California (CA)"
	},
	{
		"id": 427,
		"site_name": "Crystal Lake (427), Fergus County, Montana (MT)"
	},
	{
		"id": 428,
		"site_name": "Css Lab (428), Nevada County, California (CA)"
	},
	{
		"id": 430,
		"site_name": "Culebra #2 (430), Costilla County, Colorado (CO)"
	},
	{
		"id": 431,
		"site_name": "Cumbres Trestle (431), Conejos County, Colorado (CO)"
	},
	{
		"id": 432,
		"site_name": "Currant Creek (432), Wasatch County, Utah (UT)"
	},
	{
		"id": 919,
		"site_name": "Daisy Peak (919), Meagher County, Montana (MT)"
	},
	{
		"id": 433,
		"site_name": "Daly Creek (433), Ravalli County, Montana (MT)"
	},
	{
		"id": 434,
		"site_name": "Daly Lake (434), Linn County, Oregon (OR)"
	},
	{
		"id": 435,
		"site_name": "Daniels-Strawberry (435), Wasatch County, Utah (UT)"
	},
	{
		"id": 436,
		"site_name": "Darkhorse Lake (436), Beaverhead County, Montana (MT)"
	},
	{
		"id": 437,
		"site_name": "Deadman Creek (437), Meagher County, Montana (MT)"
	},
	{
		"id": 438,
		"site_name": "Deadman Hill (438), Larimer County, Colorado (CO)"
	},
	{
		"id": 439,
		"site_name": "Deadwood Summit (439), Valley County, Idaho (ID)"
	},
	{
		"id": 923,
		"site_name": "Deer Park (923), Fremont County, Wyoming (WY)"
	},
	{
		"id": 1210,
		"site_name": "Defiance Mines (1210), White Pine County, Nevada (NV)"
	},
	{
		"id": 440,
		"site_name": "Derr. (440), Wheeler County, Oregon (OR)"
	},
	{
		"id": 442,
		"site_name": "Diamond Lake (442), Douglas County, Oregon (OR)"
	},
	{
		"id": 443,
		"site_name": "Diamond Peak (443), Eureka County, Nevada (NV)"
	},
	{
		"id": 444,
		"site_name": "Dills Camp (444), Sanpete County, Utah (UT)"
	},
	{
		"id": 445,
		"site_name": "Disaster Peak (445), Humboldt County, Nevada (NV)"
	},
	{
		"id": 446,
		"site_name": "Dismal Swamp (446), Modoc County, California (CA)"
	},
	{
		"id": 448,
		"site_name": "Divide (448), Madison County, Montana (MT)"
	},
	{
		"id": 449,
		"site_name": "Divide Peak (449), Carbon County, Wyoming (WY)"
	},
	{
		"id": 450,
		"site_name": "Dollarhide Summit (450), Blaine County, Idaho (ID)"
	},
	{
		"id": 451,
		"site_name": "Dome Lake (451), Sheridan County, Wyoming (WY)"
	},
	{
		"id": 452,
		"site_name": "Donkey Reservoir (452), Wayne County, Utah (UT)"
	},
	{
		"id": 453,
		"site_name": "Dorsey Basin (453), Elko County, Nevada (NV)"
	},
	{
		"id": 454,
		"site_name": "Draw Creek (454), Elko County, Nevada (NV)"
	},
	{
		"id": 455,
		"site_name": "Dry Bread Pond (455), Cache County, Utah (UT)"
	},
	{
		"id": 1243,
		"site_name": "Dry Creek (1243), Elko County, Nevada (NV)"
	},
	{
		"id": 906,
		"site_name": "Dry Fork (906), Salt Lake County, Utah (UT)"
	},
	{
		"id": 457,
		"site_name": "Dry Lake (457), Routt County, Colorado (CO)"
	},
	{
		"id": 943,
		"site_name": "Dungeness (943), Clallam County, Washington (WA)"
	},
	{
		"id": 458,
		"site_name": "Dupuyer Creek (458), Teton County, Montana (MT)"
	},
	{
		"id": 1163,
		"site_name": "EF Blacks Fork GS (1163), Summit County, Utah (UT)"
	},
	{
		"id": 960,
		"site_name": "Eagle Summit (960), Yukon-koyukuk County, Alaska (AK)"
	},
	{
		"id": 1105,
		"site_name": "East Boulder Mine (1105), Sweet Grass County, Montana (MT)"
	},
	{
		"id": 460,
		"site_name": "East Rim Divide (460), Sublette County, Wyoming (WY)"
	},
	{
		"id": 461,
		"site_name": "East Willow Creek (461), Grand County, Utah (UT)"
	},
	{
		"id": 998,
		"site_name": "Easy Pass (998), Whatcom County, Washington (WA)"
	},
	{
		"id": 462,
		"site_name": "Ebbetts Pass (462), Alpine County, California (CA)"
	},
	{
		"id": 936,
		"site_name": "Echo Lake (936), Clear Creek County, Colorado (CO)"
	},
	{
		"id": 463,
		"site_name": "Echo Peak (463), El Dorado County, California (CA)"
	},
	{
		"id": 464,
		"site_name": "Eilertson Meadows (464), Baker County, Oregon (OR)"
	},
	{
		"id": 465,
		"site_name": "El Diente Peak (465), Dolores County, Colorado (CO)"
	},
	{
		"id": 910,
		"site_name": "Elbow Lake (910), Whatcom County, Washington (WA)"
	},
	{
		"id": 466,
		"site_name": "Elk Butte (466), Clearwater County, Idaho (ID)"
	},
	{
		"id": 921,
		"site_name": "Elk Cabin (921), Santa Fe County, New Mexico (NM)"
	},
	{
		"id": 1106,
		"site_name": "Elk Peak (1106), Meagher County, Montana (MT)"
	},
	{
		"id": 467,
		"site_name": "Elk River (467), Routt County, Colorado (CO)"
	},
	{
		"id": 468,
		"site_name": "Elkhart Park G.S. (468), Sublette County, Wyoming (WY)"
	},
	{
		"id": 1252,
		"site_name": "Elkhead Divide (1252), Routt County, Colorado (CO)"
	},
	{
		"id": 1120,
		"site_name": "Elliot Ridge (1120), Summit County, Colorado (CO)"
	},
	{
		"id": 469,
		"site_name": "Emery Creek (469), Flathead County, Montana (MT)"
	},
	{
		"id": 470,
		"site_name": "Emigrant Springs (470), Umatilla County, Oregon (OR)"
	},
	{
		"id": 471,
		"site_name": "Emigrant Summit (471), Bear Lake County, Idaho (ID)"
	},
	{
		"id": 1071,
		"site_name": "Esther Island (1071), Valdez-cordova County, Alaska (AK)"
	},
	{
		"id": 472,
		"site_name": "Evening Star (472), Park County, Wyoming (WY)"
	},
	{
		"id": 1092,
		"site_name": "Exit Glacier (1092), Kenai Peninsula County, Alaska (AK)"
	},
	{
		"id": 1174,
		"site_name": "Fairbanks F.O. (1174), Fairbanks North Star County, Alaska (AK)"
	},
	{
		"id": 473,
		"site_name": "Fallen Leaf (473), El Dorado County, California (CA)"
	},
	{
		"id": 474,
		"site_name": "Farmington (474), Davis County, Utah (UT)"
	},
	{
		"id": 1054,
		"site_name": "Farmington Lower (1054), Davis County, Utah (UT)"
	},
	{
		"id": 475,
		"site_name": "Farnsworth Lake (475), Sevier County, Utah (UT)"
	},
	{
		"id": 476,
		"site_name": "Fawn Creek (476), Elko County, Nevada (NV)"
	},
	{
		"id": 1268,
		"site_name": "Fielding Lake (1268), Valdez-cordova County, Alaska (AK)"
	},
	{
		"id": 477,
		"site_name": "Fish Creek (477), Harney County, Oregon (OR)"
	},
	{
		"id": 478,
		"site_name": "Fish Lake (478), Kittitas County, Washington (WA)"
	},
	{
		"id": 1149,
		"site_name": "Fish Lake Utah (1149), Sevier County, Utah (UT)"
	},
	{
		"id": 479,
		"site_name": "Fish Lk. (479), Jackson County, Oregon (OR)"
	},
	{
		"id": 480,
		"site_name": "Fisher Creek (480), Park County, Montana (MT)"
	},
	{
		"id": 481,
		"site_name": "Five Points Lake (481), Duchesne County, Utah (UT)"
	},
	{
		"id": 482,
		"site_name": "Flattop Mtn. (482), Flathead County, Montana (MT)"
	},
	{
		"id": 1285,
		"site_name": "Flower Mountain (1285), Haines County, Alaska (AK)"
	},
	{
		"id": 1186,
		"site_name": "Fool Creek (1186), Grand County, Colorado (CO)"
	},
	{
		"id": 1049,
		"site_name": "Forestdale Creek (1049), Alpine County, California (CA)"
	},
	{
		"id": 1121,
		"site_name": "Fort Valley (1121), Coconino County, Arizona (AZ)"
	},
	{
		"id": 961,
		"site_name": "Fort Yukon (961), Yukon-koyukuk County, Alaska (AK)"
	},
	{
		"id": 483,
		"site_name": "Fourmile Lake (483), Klamath County, Oregon (OR)"
	},
	{
		"id": 484,
		"site_name": "Franklin Basin (484), Franklin County, Idaho (ID)"
	},
	{
		"id": 1277,
		"site_name": "Fredonyer Peak (1277), Lassen County, California (CA)"
	},
	{
		"id": 485,
		"site_name": "Fremont Pass (485), Summit County, Colorado (CO)"
	},
	{
		"id": 486,
		"site_name": "Frisco Divide (486), Catron County, New Mexico (NM)"
	},
	{
		"id": 487,
		"site_name": "Frohner Meadow (487), Jefferson County, Montana (MT)"
	},
	{
		"id": 488,
		"site_name": "Fry (488), Coconino County, Arizona (AZ)"
	},
	{
		"id": 1262,
		"site_name": "Fry Canyon (1262), Elko County, Nevada (NV)"
	},
	{
		"id": 1221,
		"site_name": "GBRC HQ (1221), Sanpete County, Utah (UT)"
	},
	{
		"id": 1222,
		"site_name": "GBRC Meadows (1222), Sanpete County, Utah (UT)"
	},
	{
		"id": 489,
		"site_name": "Galena (489), Blaine County, Idaho (ID)"
	},
	{
		"id": 490,
		"site_name": "Galena Summit (490), Blaine County, Idaho (ID)"
	},
	{
		"id": 491,
		"site_name": "Gallegos Peak (491), Taos County, New Mexico (NM)"
	},
	{
		"id": 1114,
		"site_name": "Garden City Summit (1114), Cache County, Utah (UT)"
	},
	{
		"id": 1066,
		"site_name": "Gardner Peak (1066), Washington County, Utah (UT)"
	},
	{
		"id": 492,
		"site_name": "Garfield R.S. (492), Blaine County, Idaho (ID)"
	},
	{
		"id": 1173,
		"site_name": "Garita Peak (1173), Rio Arriba County, New Mexico (NM)"
	},
	{
		"id": 918,
		"site_name": "Garver Creek (918), Lincoln County, Montana (MT)"
	},
	{
		"id": 1151,
		"site_name": "George Creek (1151), Box Elder County, Utah (UT)"
	},
	{
		"id": 945,
		"site_name": "Gerber Reservoir (945), Klamath County, Oregon (OR)"
	},
	{
		"id": 493,
		"site_name": "Giveout (493), Bear Lake County, Idaho (ID)"
	},
	{
		"id": 1057,
		"site_name": "Glen Cove (1057), Teller County, Colorado (CO)"
	},
	{
		"id": 962,
		"site_name": "Gobblers Knob (962), Yukon-koyukuk County, Alaska (AK)"
	},
	{
		"id": 1195,
		"site_name": "Golconda (1195), Humboldt County, Nevada (NV)"
	},
	{
		"id": 1159,
		"site_name": "Gold Axe Camp (1159), Okanogan County, Washington (WA)"
	},
	{
		"id": 494,
		"site_name": "Gold Center (494), Grant County, Oregon (OR)"
	},
	{
		"id": 1256,
		"site_name": "Gold Mountain (1256), Ferry County, Washington (WA)"
	},
	{
		"id": 495,
		"site_name": "Gooseberry RS (495), Sevier County, Utah (UT)"
	},
	{
		"id": 1184,
		"site_name": "Gooseberry RS Up (1184), Sevier County, Utah (UT)"
	},
	{
		"id": 496,
		"site_name": "Graham Guard Sta. (496), Elmore County, Idaho (ID)"
	},
	{
		"id": 1082,
		"site_name": "Grand Targhee (1082), Teton County, Wyoming (WY)"
	},
	{
		"id": 956,
		"site_name": "Grandview (956), Kenai Peninsula County, Alaska (AK)"
	},
	{
		"id": 497,
		"site_name": "Granite Creek (497), Teton County, Wyoming (WY)"
	},
	{
		"id": 963,
		"site_name": "Granite Crk (963), Southeast Fairbanks County, Alaska (AK)"
	},
	{
		"id": 498,
		"site_name": "Granite Peak (498), Humboldt County, Nevada (NV)"
	},
	{
		"id": 499,
		"site_name": "Grassy Lake (499), Teton County, Wyoming (WY)"
	},
	{
		"id": 500,
		"site_name": "Grave Creek (500), Flathead County, Montana (MT)"
	},
	{
		"id": 501,
		"site_name": "Grave Springs (501), Natrona County, Wyoming (WY)"
	},
	{
		"id": 1058,
		"site_name": "Grayback (1058), Rio Grande County, Colorado (CO)"
	},
	{
		"id": 502,
		"site_name": "Green Lake (502), Yakima County, Washington (WA)"
	},
	{
		"id": 503,
		"site_name": "Green Mountain (503), Elko County, Nevada (NV)"
	},
	{
		"id": 504,
		"site_name": "Greenpoint (504), Hood River County, Oregon (OR)"
	},
	{
		"id": 505,
		"site_name": "Grizzly Peak (505), Summit County, Colorado (CO)"
	},
	{
		"id": 506,
		"site_name": "Gros Ventre Summit (506), Teton County, Wyoming (WY)"
	},
	{
		"id": 507,
		"site_name": "Grouse Camp (507), Kittitas County, Washington (WA)"
	},
	{
		"id": 964,
		"site_name": "Grouse Creek Divide (964), Kenai Peninsula County, Alaska (AK)"
	},
	{
		"id": 944,
		"site_name": "Gunsight Pass (944), Sublette County, Wyoming (WY)"
	},
	{
		"id": 1065,
		"site_name": "Gutz Peak (1065), Washington County, Utah (UT)"
	},
	{
		"id": 508,
		"site_name": "Hagans Meadow (508), El Dorado County, California (CA)"
	},
	{
		"id": 509,
		"site_name": "Hams Fork (509), Lincoln County, Wyoming (WY)"
	},
	{
		"id": 510,
		"site_name": "Hand Creek (510), Flathead County, Montana (MT)"
	},
	{
		"id": 511,
		"site_name": "Hannagan Meadows (511), Greenlee County, Arizona (AZ)"
	},
	{
		"id": 512,
		"site_name": "Hansen Sawmill (512), Johnson County, Wyoming (WY)"
	},
	{
		"id": 969,
		"site_name": "Happy Jack (969), Coconino County, Arizona (AZ)"
	},
	{
		"id": 896,
		"site_name": "Hardscrabble (896), Morgan County, Utah (UT)"
	},
	{
		"id": 514,
		"site_name": "Harris Flat (514), Kane County, Utah (UT)"
	},
	{
		"id": 515,
		"site_name": "Harts Pass (515), Okanogan County, Washington (WA)"
	},
	{
		"id": 516,
		"site_name": "Hawkins Lake (516), Lincoln County, Montana (MT)"
	},
	{
		"id": 1271,
		"site_name": "Hawley Lake (1271), Apache County, Arizona (AZ)"
	},
	{
		"id": 517,
		"site_name": "Hayden Fork (517), Summit County, Utah (UT)"
	},
	{
		"id": 1102,
		"site_name": "Hayden Pass (1102), Saguache County, Colorado (CO)"
	},
	{
		"id": 518,
		"site_name": "Heavenly Valley (518), El Dorado County, California (CA)"
	},
	{
		"id": 519,
		"site_name": "Heber (519), Coconino County, Arizona (AZ)"
	},
	{
		"id": 1270,
		"site_name": "Heen Latinee (1270), Juneau County, Alaska (AK)"
	},
	{
		"id": 520,
		"site_name": "Hemlock Butte (520), Clearwater County, Idaho (ID)"
	},
	{
		"id": 521,
		"site_name": "Hewinta (521), Summit County, Utah (UT)"
	},
	{
		"id": 522,
		"site_name": "Hickerson Park (522), Daggett County, Utah (UT)"
	},
	{
		"id": 988,
		"site_name": "Hidden Lake (988), Boundary County, Idaho (ID)"
	},
	{
		"id": 1187,
		"site_name": "High Lonesome (1187), Grand County, Colorado (CO)"
	},
	{
		"id": 523,
		"site_name": "High Ridge (523), Umatilla County, Oregon (OR)"
	},
	{
		"id": 524,
		"site_name": "Hilts Creek (524), Custer County, Idaho (ID)"
	},
	{
		"id": 1223,
		"site_name": "Hobble Creek (1223), Utah County, Utah (UT)"
	},
	{
		"id": 525,
		"site_name": "Hobbs Park (525), Fremont County, Wyoming (WY)"
	},
	{
		"id": 526,
		"site_name": "Hogg Pass (526), Linn County, Oregon (OR)"
	},
	{
		"id": 527,
		"site_name": "Hole-in-Mountain (527), Elko County, Nevada (NV)"
	},
	{
		"id": 528,
		"site_name": "Hole-in-Rock (528), Summit County, Utah (UT)"
	},
	{
		"id": 529,
		"site_name": "Holland Meadows (529), Lane County, Oregon (OR)"
	},
	{
		"id": 530,
		"site_name": "Hoodoo Basin (530), Mineral County, Montana (MT)"
	},
	{
		"id": 531,
		"site_name": "Hoosier Pass (531), Summit County, Colorado (CO)"
	},
	{
		"id": 532,
		"site_name": "Hopewell (532), Rio Arriba County, New Mexico (NM)"
	},
	{
		"id": 1050,
		"site_name": "Horse Meadow (1050), Alpine County, California (CA)"
	},
	{
		"id": 533,
		"site_name": "Horse Ridge (533), Morgan County, Utah (UT)"
	},
	{
		"id": 1122,
		"site_name": "Hourglass Lake (1122), Larimer County, Colorado (CO)"
	},
	{
		"id": 1158,
		"site_name": "Howard Prairie (1158), Jackson County, Oregon (OR)"
	},
	{
		"id": 534,
		"site_name": "Howell Canyon (534), Cassia County, Idaho (ID)"
	},
	{
		"id": 991,
		"site_name": "Hozomeen Camp (991), Whatcom County, Washington (WA)"
	},
	{
		"id": 928,
		"site_name": "Huckleberry Creek (928), Pierce County, Washington (WA)"
	},
	{
		"id": 535,
		"site_name": "Humboldt Gulch (535), Shoshone County, Idaho (ID)"
	},
	{
		"id": 1216,
		"site_name": "Huntington Horse (1216), Sanpete County, Utah (UT)"
	},
	{
		"id": 537,
		"site_name": "Hyndman (537), Blaine County, Idaho (ID)"
	},
	{
		"id": 538,
		"site_name": "Idarado (538), Ouray County, Colorado (CO)"
	},
	{
		"id": 968,
		"site_name": "Imnaviat Creek (968), North Slope County, Alaska (AK)"
	},
	{
		"id": 539,
		"site_name": "Independence Camp (539), Sierra County, California (CA)"
	},
	{
		"id": 540,
		"site_name": "Independence Creek (540), Sierra County, California (CA)"
	},
	{
		"id": 541,
		"site_name": "Independence Lake (541), Nevada County, California (CA)"
	},
	{
		"id": 1091,
		"site_name": "Independence Mine (1091), Matanuska-susitna County, Alaska (AK)"
	},
	{
		"id": 542,
		"site_name": "Independence Pass (542), Pitkin County, Colorado (CO)"
	},
	{
		"id": 543,
		"site_name": "Indian Canyon (543), Duchesne County, Utah (UT)"
	},
	{
		"id": 544,
		"site_name": "Indian Creek (544), Lincoln County, Wyoming (WY)"
	},
	{
		"id": 946,
		"site_name": "Indian Pass (946), Anchorage County, Alaska (AK)"
	},
	{
		"id": 1129,
		"site_name": "Indian Rock (1129), Klickitat County, Washington (WA)"
	},
	{
		"id": 545,
		"site_name": "Irish Taylor (545), Deschutes County, Oregon (OR)"
	},
	{
		"id": 1276,
		"site_name": "Iron Mine Creek (1276), Blaine County, Idaho (ID)"
	},
	{
		"id": 546,
		"site_name": "Island Park (546), Fremont County, Idaho (ID)"
	},
	{
		"id": 547,
		"site_name": "Ivanhoe (547), Pitkin County, Colorado (CO)"
	},
	{
		"id": 548,
		"site_name": "Jack Creek Upper (548), Elko County, Nevada (NV)"
	},
	{
		"id": 1275,
		"site_name": "Jack Wade Jct (1275), Southeast Fairbanks County, Alaska (AK)"
	},
	{
		"id": 549,
		"site_name": "Jacks Peak (549), Elko County, Nevada (NV)"
	},
	{
		"id": 550,
		"site_name": "Jackson Peak (550), Boise County, Idaho (ID)"
	},
	{
		"id": 935,
		"site_name": "Jackwhacker Gulch (935), Clear Creek County, Colorado (CO)"
	},
	{
		"id": 1211,
		"site_name": "Jakes Creek (1211), Elko County, Nevada (NV)"
	},
	{
		"id": 551,
		"site_name": "Joe Wright (551), Larimer County, Colorado (CO)"
	},
	{
		"id": 1036,
		"site_name": "Johnsons Camp (1036), Nome County, Alaska (AK)"
	},
	{
		"id": 1099,
		"site_name": "Jones Corral (1099), Garfield County, Utah (UT)"
	},
	{
		"id": 970,
		"site_name": "Jones Pass (970), Grand County, Colorado (CO)"
	},
	{
		"id": 552,
		"site_name": "Jump Off Joe (552), Linn County, Oregon (OR)"
	},
	{
		"id": 553,
		"site_name": "June Lake (553), Skamania County, Washington (WA)"
	},
	{
		"id": 1063,
		"site_name": "Kachemak Creek (1063), Kenai Peninsula County, Alaska (AK)"
	},
	{
		"id": 1150,
		"site_name": "Kalamazoo (1150), White Pine County, Nevada (NV)"
	},
	{
		"id": 1072,
		"site_name": "Kantishna (1072), Denali County, Alaska (AK)"
	},
	{
		"id": 554,
		"site_name": "Kelley R.S. (554), Lincoln County, Wyoming (WY)"
	},
	{
		"id": 1175,
		"site_name": "Kelly Station (1175), Northwest Arctic County, Alaska (AK)"
	},
	{
		"id": 966,
		"site_name": "Kenai Moose Pens (966), Kenai Peninsula County, Alaska (AK)"
	},
	{
		"id": 555,
		"site_name": "Kendall R.S. (555), Sublette County, Wyoming (WY)"
	},
	{
		"id": 1145,
		"site_name": "Kilfoil Creek (1145), Morgan County, Utah (UT)"
	},
	{
		"id": 556,
		"site_name": "Kiln (556), Pitkin County, Colorado (CO)"
	},
	{
		"id": 557,
		"site_name": "Kimberly Mine (557), Piute County, Utah (UT)"
	},
	{
		"id": 558,
		"site_name": "King Mountain (558), Jackson County, Oregon (OR)"
	},
	{
		"id": 559,
		"site_name": "Kings Cabin (559), Uintah County, Utah (UT)"
	},
	{
		"id": 560,
		"site_name": "Kirwin (560), Park County, Wyoming (WY)"
	},
	{
		"id": 1115,
		"site_name": "Klondike Narrows (1115), Cache County, Utah (UT)"
	},
	{
		"id": 561,
		"site_name": "Kolob (561), Iron County, Utah (UT)"
	},
	{
		"id": 562,
		"site_name": "Kraft Creek (562), Missoula County, Montana (MT)"
	},
	{
		"id": 563,
		"site_name": "Lake Creek R.S. (563), Grant County, Oregon (OR)"
	},
	{
		"id": 564,
		"site_name": "Lake Eldora (564), Gilpin County, Colorado (CO)"
	},
	{
		"id": 565,
		"site_name": "Lake Irene (565), Grand County, Colorado (CO)"
	},
	{
		"id": 566,
		"site_name": "Lakefork #1 (566), Duchesne County, Utah (UT)"
	},
	{
		"id": 1116,
		"site_name": "Lakefork #3 (1116), Duchesne County, Utah (UT)"
	},
	{
		"id": 513,
		"site_name": "Lakefork Basin (513), Duchesne County, Utah (UT)"
	},
	{
		"id": 568,
		"site_name": "Lakeview Ridge (568), Beaverhead County, Montana (MT)"
	},
	{
		"id": 569,
		"site_name": "Lamance Creek (569), Humboldt County, Nevada (NV)"
	},
	{
		"id": 570,
		"site_name": "Lamoille #3 (570), Elko County, Nevada (NV)"
	},
	{
		"id": 571,
		"site_name": "Laprele Creek (571), Converse County, Wyoming (WY)"
	},
	{
		"id": 1134,
		"site_name": "Larsen Creek (1134), Sublette County, Wyoming (WY)"
	},
	{
		"id": 572,
		"site_name": "Lasal Mountain (572), Grand County, Utah (UT)"
	},
	{
		"id": 1215,
		"site_name": "Lasal Mountain-Lower (1215), San Juan County, Utah (UT)"
	},
	{
		"id": 573,
		"site_name": "Laurel Draw (573), Elko County, Nevada (NV)"
	},
	{
		"id": 574,
		"site_name": "Leavitt Lake (574), Mono County, California (CA)"
	},
	{
		"id": 575,
		"site_name": "Leavitt Meadows (575), Mono County, California (CA)"
	},
	{
		"id": 1112,
		"site_name": "Lee Canyon (1112), Clark County, Nevada (NV)"
	},
	{
		"id": 576,
		"site_name": "Lemhi Ridge (576), Beaverhead County, Montana (MT)"
	},
	{
		"id": 577,
		"site_name": "Lewis Lake Divide (577), Teton County, Wyoming (WY)"
	},
	{
		"id": 1006,
		"site_name": "Lewis Peak (1006), Lander County, Nevada (NV)"
	},
	{
		"id": 578,
		"site_name": "Lick Creek (578), Gallatin County, Montana (MT)"
	},
	{
		"id": 1056,
		"site_name": "Lightning Ridge (1056), Weber County, Utah (UT)"
	},
	{
		"id": 579,
		"site_name": "Lily Lake (579), Summit County, Utah (UT)"
	},
	{
		"id": 580,
		"site_name": "Lily Pond (580), Conejos County, Colorado (CO)"
	},
	{
		"id": 582,
		"site_name": "Little Bear (582), Cache County, Utah (UT)"
	},
	{
		"id": 947,
		"site_name": "Little Chena Ridge (947), Fairbanks North Star County, Alaska (AK)"
	},
	{
		"id": 1131,
		"site_name": "Little Goose (1131), Johnson County, Wyoming (WY)"
	},
	{
		"id": 583,
		"site_name": "Little Grassy (583), Washington County, Utah (UT)"
	},
	{
		"id": 584,
		"site_name": "Little Meadows (584), Linn County, Oregon (OR)"
	},
	{
		"id": 1047,
		"site_name": "Little Snake River (1047), Carbon County, Wyoming (WY)"
	},
	{
		"id": 1242,
		"site_name": "Little Valley (1242), Washoe County, Nevada (NV)"
	},
	{
		"id": 585,
		"site_name": "Little Warm (585), Fremont County, Wyoming (WY)"
	},
	{
		"id": 586,
		"site_name": "Lizard Head Pass (586), Dolores County, Colorado (CO)"
	},
	{
		"id": 587,
		"site_name": "Lobdell Lake (587), Mono County, California (CA)"
	},
	{
		"id": 588,
		"site_name": "Lolo Pass (588), Idaho County, Idaho (ID)"
	},
	{
		"id": 589,
		"site_name": "Lone Cone (589), San Miguel County, Colorado (CO)"
	},
	{
		"id": 590,
		"site_name": "Lone Mountain (590), Madison County, Montana (MT)"
	},
	{
		"id": 591,
		"site_name": "Lone Pine (591), Skamania County, Washington (WA)"
	},
	{
		"id": 1261,
		"site_name": "Lonesome Beaver (1261), Garfield County, Utah (UT)"
	},
	{
		"id": 1123,
		"site_name": "Long Draw Resv (1123), Larimer County, Colorado (CO)"
	},
	{
		"id": 592,
		"site_name": "Long Flat (592), Washington County, Utah (UT)"
	},
	{
		"id": 1001,
		"site_name": "Long Lake (1001), Juneau County, Alaska (AK)"
	},
	{
		"id": 1016,
		"site_name": "Long Valley (1016), Valley County, Idaho (ID)"
	},
	{
		"id": 593,
		"site_name": "Long Valley Jct (593), Kane County, Utah (UT)"
	},
	{
		"id": 594,
		"site_name": "Lookout (594), Shoshone County, Idaho (ID)"
	},
	{
		"id": 595,
		"site_name": "Lookout Mountain (595), Sierra County, New Mexico (NM)"
	},
	{
		"id": 596,
		"site_name": "Lookout Peak (596), Salt Lake County, Utah (UT)"
	},
	{
		"id": 597,
		"site_name": "Loomis Park (597), Sublette County, Wyoming (WY)"
	},
	{
		"id": 1118,
		"site_name": "Lost Creek Resv (1118), Morgan County, Utah (UT)"
	},
	{
		"id": 940,
		"site_name": "Lost Dog (940), Routt County, Colorado (CO)"
	},
	{
		"id": 599,
		"site_name": "Lost Horse (599), Yakima County, Washington (WA)"
	},
	{
		"id": 600,
		"site_name": "Lost Lake (600), Shoshone County, Idaho (ID)"
	},
	{
		"id": 601,
		"site_name": "Lost-Wood Divide (601), Blaine County, Idaho (ID)"
	},
	{
		"id": 972,
		"site_name": "Louis Meadow (972), Salt Lake County, Utah (UT)"
	},
	{
		"id": 602,
		"site_name": "Loveland Basin (602), Clear Creek County, Colorado (CO)"
	},
	{
		"id": 1265,
		"site_name": "Lower Kachemak Creek (1265), Kenai Peninsula County, Alaska (AK)"
	},
	{
		"id": 603,
		"site_name": "Lower Twin (603), Madison County, Montana (MT)"
	},
	{
		"id": 604,
		"site_name": "Lubrecht Flume (604), Missoula County, Montana (MT)"
	},
	{
		"id": 605,
		"site_name": "Lucky Strike (605), Umatilla County, Oregon (OR)"
	},
	{
		"id": 606,
		"site_name": "Lyman Lake (606), Chelan County, Washington (WA)"
	},
	{
		"id": 1069,
		"site_name": "Lynn Lake (1069), King County, Washington (WA)"
	},
	{
		"id": 607,
		"site_name": "Lynx Pass (607), Routt County, Colorado (CO)"
	},
	{
		"id": 1011,
		"site_name": "MF Nooksack (1011), Whatcom County, Washington (WA)"
	},
	{
		"id": 608,
		"site_name": "Madison Butte (608), Morrow County, Oregon (OR)"
	},
	{
		"id": 609,
		"site_name": "Madison Plateau (609), Gallatin County, Montana (MT)"
	},
	{
		"id": 610,
		"site_name": "Magic Mountain (610), Twin Falls County, Idaho (ID)"
	},
	{
		"id": 612,
		"site_name": "Mammoth-Cottonwood (612), Sanpete County, Utah (UT)"
	},
	{
		"id": 905,
		"site_name": "Mancos (905), Montezuma County, Colorado (CO)"
	},
	{
		"id": 613,
		"site_name": "Many Glacier (613), Glacier County, Montana (MT)"
	},
	{
		"id": 614,
		"site_name": "Marion Forks (614), Linn County, Oregon (OR)"
	},
	{
		"id": 615,
		"site_name": "Marlette Lake (615), Carson City County, Nevada (NV)"
	},
	{
		"id": 616,
		"site_name": "Marquette (616), Park County, Wyoming (WY)"
	},
	{
		"id": 999,
		"site_name": "Marten Ridge (999), Whatcom County, Washington (WA)"
	},
	{
		"id": 617,
		"site_name": "Maverick Fork (617), Apache County, Arizona (AZ)"
	},
	{
		"id": 1096,
		"site_name": "May Creek (1096), Valdez-cordova County, Alaska (AK)"
	},
	{
		"id": 618,
		"site_name": "Mc Clure Pass (618), Pitkin County, Colorado (CO)"
	},
	{
		"id": 1040,
		"site_name": "Mccoy Park (1040), Eagle County, Colorado (CO)"
	},
	{
		"id": 619,
		"site_name": "Mckenzie (619), Lane County, Oregon (OR)"
	},
	{
		"id": 1048,
		"site_name": "Mcknight Cabin (1048), Grant County, New Mexico (NM)"
	},
	{
		"id": 1003,
		"site_name": "Mcneil Canyon (1003), Kenai Peninsula County, Alaska (AK)"
	},
	{
		"id": 1191,
		"site_name": "Mcneil River SGS (1191), Kenai Peninsula County, Alaska (AK)"
	},
	{
		"id": 620,
		"site_name": "Meadow Lake (620), Lemhi County, Idaho (ID)"
	},
	{
		"id": 897,
		"site_name": "Meadows Pass (897), King County, Washington (WA)"
	},
	{
		"id": 1196,
		"site_name": "Med Bow (1196), Carbon County, Wyoming (WY)"
	},
	{
		"id": 914,
		"site_name": "Medano Pass (914), Saguache County, Colorado (CO)"
	},
	{
		"id": 621,
		"site_name": "Merchant Valley (621), Beaver County, Utah (UT)"
	},
	{
		"id": 1207,
		"site_name": "Merritt Mountain (1207), Elko County, Nevada (NV)"
	},
	{
		"id": 622,
		"site_name": "Mesa Lakes (622), Mesa County, Colorado (CO)"
	},
	{
		"id": 623,
		"site_name": "Mica Creek (623), Shoshone County, Idaho (ID)"
	},
	{
		"id": 937,
		"site_name": "Michigan Creek (937), Park County, Colorado (CO)"
	},
	{
		"id": 1206,
		"site_name": "Midas (1206), Elko County, Nevada (NV)"
	},
	{
		"id": 624,
		"site_name": "Middle Creek (624), Mineral County, Colorado (CO)"
	},
	{
		"id": 1064,
		"site_name": "Middle Fork Bradley (1064), Kenai Peninsula County, Alaska (AK)"
	},
	{
		"id": 1014,
		"site_name": "Middle Fork Camp (1014), Grand County, Colorado (CO)"
	},
	{
		"id": 625,
		"site_name": "Middle Powder (625), Washakie County, Wyoming (WY)"
	},
	{
		"id": 626,
		"site_name": "Midway Valley (626), Iron County, Utah (UT)"
	},
	{
		"id": 1079,
		"site_name": "Milk Shakes (1079), Wallowa County, Oregon (OR)"
	},
	{
		"id": 627,
		"site_name": "Mill Creek Summit (627), Custer County, Idaho (ID)"
	},
	{
		"id": 628,
		"site_name": "Mill-D North (628), Salt Lake County, Utah (UT)"
	},
	{
		"id": 1084,
		"site_name": "Miller Woods (1084), Yamhill County, Oregon (OR)"
	},
	{
		"id": 629,
		"site_name": "Mineral Creek (629), San Juan County, Colorado (CO)"
	},
	{
		"id": 631,
		"site_name": "Mining Fork (631), Tooele County, Utah (UT)"
	},
	{
		"id": 632,
		"site_name": "Molas Lake (632), San Juan County, Colorado (CO)"
	},
	{
		"id": 1287,
		"site_name": "Mom Creek (1287), Beaverhead County, Montana (MT)"
	},
	{
		"id": 1094,
		"site_name": "Monahan Flat (1094), Matanuska-susitna County, Alaska (AK)"
	},
	{
		"id": 633,
		"site_name": "Monitor Pass (633), Alpine County, California (CA)"
	},
	{
		"id": 634,
		"site_name": "Monte Cristo (634), Cache County, Utah (UT)"
	},
	{
		"id": 949,
		"site_name": "Monument Creek (949), Fairbanks North Star County, Alaska (AK)"
	},
	{
		"id": 635,
		"site_name": "Monument Peak (635), Park County, Montana (MT)"
	},
	{
		"id": 1124,
		"site_name": "Moon Pass (1124), Saguache County, Colorado (CO)"
	},
	{
		"id": 636,
		"site_name": "Moonshine (636), Lemhi County, Idaho (ID)"
	},
	{
		"id": 1176,
		"site_name": "Moore Creek Bridge (1176), Skagway County, Alaska (AK)"
	},
	{
		"id": 638,
		"site_name": "Moose Creek (638), Lemhi County, Idaho (ID)"
	},
	{
		"id": 1035,
		"site_name": "Moraine (1035), Anchorage County, Alaska (AK)"
	},
	{
		"id": 637,
		"site_name": "Mores Creek Summit (637), Boise County, Idaho (ID)"
	},
	{
		"id": 639,
		"site_name": "Morgan Creek (639), Lemhi County, Idaho (ID)"
	},
	{
		"id": 640,
		"site_name": "Mormon Mountain (640), Coconino County, Arizona (AZ)"
	},
	{
		"id": 1125,
		"site_name": "Mormon Mtn Summit (1125), Coconino County, Arizona (AZ)"
	},
	{
		"id": 642,
		"site_name": "Morse Lake (642), Yakima County, Washington (WA)"
	},
	{
		"id": 643,
		"site_name": "Mosby Mtn. (643), Uintah County, Utah (UT)"
	},
	{
		"id": 989,
		"site_name": "Moscow Mountain (989), Latah County, Idaho (ID)"
	},
	{
		"id": 644,
		"site_name": "Moses Mtn (644), Okanogan County, Washington (WA)"
	},
	{
		"id": 645,
		"site_name": "Mosquito Ridge (645), Shoshone County, Idaho (ID)"
	},
	{
		"id": 646,
		"site_name": "Moss Peak (646), Lake County, Montana (MT)"
	},
	{
		"id": 647,
		"site_name": "Moss Springs (647), Union County, Oregon (OR)"
	},
	{
		"id": 648,
		"site_name": "Mount Crag (648), Jefferson County, Washington (WA)"
	},
	{
		"id": 898,
		"site_name": "Mount Gardner (898), King County, Washington (WA)"
	},
	{
		"id": 649,
		"site_name": "Mount Lockhart (649), Teton County, Montana (MT)"
	},
	{
		"id": 650,
		"site_name": "Mountain Meadows (650), Idaho County, Idaho (ID)"
	},
	{
		"id": 941,
		"site_name": "Mowich (941), Pierce County, Washington (WA)"
	},
	{
		"id": 1224,
		"site_name": "Mt Baldy (1224), Sanpete County, Utah (UT)"
	},
	{
		"id": 651,
		"site_name": "Mt Hood Test Site (651), Clackamas County, Oregon (OR)"
	},
	{
		"id": 1269,
		"site_name": "Mt Pennell (1269), Garfield County, Utah (UT)"
	},
	{
		"id": 652,
		"site_name": "Mt Rose Ski Area (652), Washoe County, Nevada (NV)"
	},
	{
		"id": 1103,
		"site_name": "Mt. Alyeska (1103), Anchorage County, Alaska (AK)"
	},
	{
		"id": 1073,
		"site_name": "Mt. Eyak (1073), Valdez-cordova County, Alaska (AK)"
	},
	{
		"id": 653,
		"site_name": "Mt. Howard (653), Wallowa County, Oregon (OR)"
	},
	{
		"id": 948,
		"site_name": "Mt. Ryan (948), Fairbanks North Star County, Alaska (AK)"
	},
	{
		"id": 1259,
		"site_name": "Muckamuck (1259), Okanogan County, Washington (WA)"
	},
	{
		"id": 654,
		"site_name": "Mud Flat (654), Owyhee County, Idaho (ID)"
	},
	{
		"id": 655,
		"site_name": "Mud Ridge (655), Clackamas County, Oregon (OR)"
	},
	{
		"id": 656,
		"site_name": "Mule Creek (656), Beaverhead County, Montana (MT)"
	},
	{
		"id": 950,
		"site_name": "Munson Ridge (950), Fairbanks North Star County, Alaska (AK)"
	},
	{
		"id": 1053,
		"site_name": "Myrtle Creek (1053), Boundary County, Idaho (ID)"
	},
	{
		"id": 657,
		"site_name": "N Fk Elk Creek (657), Powell County, Montana (MT)"
	},
	{
		"id": 658,
		"site_name": "Nast Lake (658), Pitkin County, Colorado (CO)"
	},
	{
		"id": 1138,
		"site_name": "Navajo Whiskey Ck (1138), San Juan County, New Mexico (NM)"
	},
	{
		"id": 903,
		"site_name": "Nevada Ridge (903), Lewis And Clark County, Montana (MT)"
	},
	{
		"id": 1031,
		"site_name": "Never Summer (1031), Jackson County, Colorado (CO)"
	},
	{
		"id": 660,
		"site_name": "New Crescent Lake (660), Klamath County, Oregon (OR)"
	},
	{
		"id": 661,
		"site_name": "New Fork Lake (661), Sublette County, Wyoming (WY)"
	},
	{
		"id": 662,
		"site_name": "Nez Perce Camp (662), Ravalli County, Montana (MT)"
	},
	{
		"id": 663,
		"site_name": "Niwot (663), Boulder County, Colorado (CO)"
	},
	{
		"id": 664,
		"site_name": "Noisy Basin (664), Flathead County, Montana (MT)"
	},
	{
		"id": 665,
		"site_name": "North Costilla (665), Taos County, New Mexico (NM)"
	},
	{
		"id": 666,
		"site_name": "North Fork (666), Multnomah County, Oregon (OR)"
	},
	{
		"id": 667,
		"site_name": "North Fork Jocko (667), Missoula County, Montana (MT)"
	},
	{
		"id": 668,
		"site_name": "North French Creek (668), Carbon County, Wyoming (WY)"
	},
	{
		"id": 669,
		"site_name": "North Lost Trail (669), Gunnison County, Colorado (CO)"
	},
	{
		"id": 920,
		"site_name": "North Rapid Creek (920), Lawrence County, South Dakota (SD)"
	},
	{
		"id": 670,
		"site_name": "Northeast Entrance (670), Yellowstone National Park County, Montana (MT)"
	},
	{
		"id": 1037,
		"site_name": "Nuka Glacier (1037), Kenai Peninsula County, Alaska (AK)"
	},
	{
		"id": 1127,
		"site_name": "Nutrioso (1127), Apache County, Arizona (AZ)"
	},
	{
		"id": 1146,
		"site_name": "Oak Creek (1146), Millard County, Utah (UT)"
	},
	{
		"id": 671,
		"site_name": "Ochoco Meadows (671), Crook County, Oregon (OR)"
	},
	{
		"id": 672,
		"site_name": "Olallie Meadows (672), King County, Washington (WA)"
	},
	{
		"id": 673,
		"site_name": "Old Battle (673), Carbon County, Wyoming (WY)"
	},
	{
		"id": 1008,
		"site_name": "Onion Park (1008), Meagher County, Montana (MT)"
	},
	{
		"id": 675,
		"site_name": "Overland Res. (675), Delta County, Colorado (CO)"
	},
	{
		"id": 676,
		"site_name": "Owl Creek (676), Hot Springs County, Wyoming (WY)"
	},
	{
		"id": 677,
		"site_name": "Oxford Spring (677), Oneida County, Idaho (ID)"
	},
	{
		"id": 1170,
		"site_name": "Palo (1170), Taos County, New Mexico (NM)"
	},
	{
		"id": 1148,
		"site_name": "Panguitch Lake RS (1148), Garfield County, Utah (UT)"
	},
	{
		"id": 679,
		"site_name": "Paradise (679), Pierce County, Washington (WA)"
	},
	{
		"id": 986,
		"site_name": "Pargon Creek (986), Nome County, Alaska (AK)"
	},
	{
		"id": 680,
		"site_name": "Park Cone (680), Gunnison County, Colorado (CO)"
	},
	{
		"id": 681,
		"site_name": "Park Creek Ridge (681), Chelan County, Washington (WA)"
	},
	{
		"id": 682,
		"site_name": "Park Reservoir (682), Delta County, Colorado (CO)"
	},
	{
		"id": 683,
		"site_name": "Parker Peak (683), Park County, Wyoming (WY)"
	},
	{
		"id": 684,
		"site_name": "Parleys Summit (684), Summit County, Utah (UT)"
	},
	{
		"id": 971,
		"site_name": "Parrish Creek (971), Davis County, Utah (UT)"
	},
	{
		"id": 686,
		"site_name": "Payson R.S. (686), Utah County, Utah (UT)"
	},
	{
		"id": 687,
		"site_name": "Peavine Ridge (687), Clackamas County, Oregon (OR)"
	},
	{
		"id": 1104,
		"site_name": "Pepper Creek (1104), Skamania County, Washington (WA)"
	},
	{
		"id": 930,
		"site_name": "Peterson Meadows (930), Granite County, Montana (MT)"
	},
	{
		"id": 688,
		"site_name": "Phantom Valley (688), Grand County, Colorado (CO)"
	},
	{
		"id": 689,
		"site_name": "Phillips Bench (689), Teton County, Wyoming (WY)"
	},
	{
		"id": 690,
		"site_name": "Pickfoot Creek (690), Meagher County, Montana (MT)"
	},
	{
		"id": 691,
		"site_name": "Pickle Keg (691), Sevier County, Utah (UT)"
	},
	{
		"id": 1142,
		"site_name": "Pierce R.S. (1142), Clearwater County, Idaho (ID)"
	},
	{
		"id": 692,
		"site_name": "Pigtail Peak (692), Yakima County, Washington (WA)"
	},
	{
		"id": 693,
		"site_name": "Pike Creek (693), Pondera County, Montana (MT)"
	},
	{
		"id": 694,
		"site_name": "Pine Creek (694), Millard County, Utah (UT)"
	},
	{
		"id": 695,
		"site_name": "Pine Creek Pass (695), Teton County, Idaho (ID)"
	},
	{
		"id": 1263,
		"site_name": "Pinto Rock (1263), Skamania County, Washington (WA)"
	},
	{
		"id": 696,
		"site_name": "Placer Basin (696), Sweet Grass County, Montana (MT)"
	},
	{
		"id": 1133,
		"site_name": "Pocket Creek (1133), Sublette County, Wyoming (WY)"
	},
	{
		"id": 697,
		"site_name": "Poison Flat (697), Alpine County, California (CA)"
	},
	{
		"id": 1244,
		"site_name": "Pole Canyon (1244), Elko County, Nevada (NV)"
	},
	{
		"id": 698,
		"site_name": "Pole Creek R.S. (698), Elko County, Nevada (NV)"
	},
	{
		"id": 932,
		"site_name": "Poorman Creek (932), Lincoln County, Montana (MT)"
	},
	{
		"id": 699,
		"site_name": "Pope Ridge (699), Chelan County, Washington (WA)"
	},
	{
		"id": 700,
		"site_name": "Porcupine (700), Park County, Montana (MT)"
	},
	{
		"id": 701,
		"site_name": "Porphyry Creek (701), Gunnison County, Colorado (CO)"
	},
	{
		"id": 987,
		"site_name": "Port Graham (987), Kenai Peninsula County, Alaska (AK)"
	},
	{
		"id": 702,
		"site_name": "Potato Hill (702), Yakima County, Washington (WA)"
	},
	{
		"id": 703,
		"site_name": "Powder River Pass (703), Johnson County, Wyoming (WY)"
	},
	{
		"id": 704,
		"site_name": "Prairie (704), Elmore County, Idaho (ID)"
	},
	{
		"id": 705,
		"site_name": "Promontory (705), Coconino County, Arizona (AZ)"
	},
	{
		"id": 1177,
		"site_name": "Prudhoe Bay (1177), North Slope County, Alaska (AK)"
	},
	{
		"id": 706,
		"site_name": "Quartz Mountain (706), Lake County, Oregon (OR)"
	},
	{
		"id": 707,
		"site_name": "Quartz Peak (707), Spokane County, Washington (WA)"
	},
	{
		"id": 708,
		"site_name": "Quemazon (708), Los Alamos County, New Mexico (NM)"
	},
	{
		"id": 709,
		"site_name": "Rabbit Ears (709), Routt County, Colorado (CO)"
	},
	{
		"id": 1081,
		"site_name": "Ragged Mountain (1081), Kootenai County, Idaho (ID)"
	},
	{
		"id": 710,
		"site_name": "Railroad Overpass (710), Lane County, Oregon (OR)"
	},
	{
		"id": 1110,
		"site_name": "Rainbow Canyon (1110), Clark County, Nevada (NV)"
	},
	{
		"id": 711,
		"site_name": "Rainy Pass (711), Chelan County, Washington (WA)"
	},
	{
		"id": 1032,
		"site_name": "Rawah (1032), Jackson County, Colorado (CO)"
	},
	{
		"id": 712,
		"site_name": "Red Hill (712), Hood River County, Oregon (OR)"
	},
	{
		"id": 713,
		"site_name": "Red Mountain Pass (713), San Juan County, Colorado (CO)"
	},
	{
		"id": 714,
		"site_name": "Red Pine Ridge (714), Emery County, Utah (UT)"
	},
	{
		"id": 715,
		"site_name": "Red River Pass #2 (715), Colfax County, New Mexico (NM)"
	},
	{
		"id": 1225,
		"site_name": "Redden Mine Lwr (1225), Summit County, Utah (UT)"
	},
	{
		"id": 1217,
		"site_name": "Rees Flat (1217), Juab County, Utah (UT)"
	},
	{
		"id": 716,
		"site_name": "Reno Hill (716), Natrona County, Wyoming (WY)"
	},
	{
		"id": 911,
		"site_name": "Rex River (911), King County, Washington (WA)"
	},
	{
		"id": 2029,
		"site_name": "Reynolds Creek (2029), Owyhee County, Idaho (ID)"
	},
	{
		"id": 933,
		"site_name": "Rice Park (933), Valencia County, New Mexico (NM)"
	},
	{
		"id": 1254,
		"site_name": "Rio Santa Barbara (1254), Taos County, New Mexico (NM)"
	},
	{
		"id": 717,
		"site_name": "Ripple Creek (717), Rio Blanco County, Colorado (CO)"
	},
	{
		"id": 718,
		"site_name": "Roach (718), Larimer County, Colorado (CO)"
	},
	{
		"id": 719,
		"site_name": "Roaring River (719), Lane County, Oregon (OR)"
	},
	{
		"id": 720,
		"site_name": "Rock Creek (720), Duchesne County, Utah (UT)"
	},
	{
		"id": 721,
		"site_name": "Rock Springs (721), Grant County, Oregon (OR)"
	},
	{
		"id": 722,
		"site_name": "Rocker Peak (722), Jefferson County, Montana (MT)"
	},
	{
		"id": 723,
		"site_name": "Rocky Basin-Settleme (723), Tooele County, Utah (UT)"
	},
	{
		"id": 917,
		"site_name": "Rocky Boy (917), Hill County, Montana (MT)"
	},
	{
		"id": 973,
		"site_name": "Rocky Point (973), Nome County, Alaska (AK)"
	},
	{
		"id": 939,
		"site_name": "Rough And Tumble (939), Park County, Colorado (CO)"
	},
	{
		"id": 724,
		"site_name": "Rubicon #2 (724), El Dorado County, California (CA)"
	},
	{
		"id": 725,
		"site_name": "S Fork Shields (725), Park County, Montana (MT)"
	},
	{
		"id": 929,
		"site_name": "Sacajawea (929), Gallatin County, Montana (MT)"
	},
	{
		"id": 726,
		"site_name": "Saddle Mountain (726), Washington County, Oregon (OR)"
	},
	{
		"id": 727,
		"site_name": "Saddle Mtn. (727), Beaverhead County, Montana (MT)"
	},
	{
		"id": 1015,
		"site_name": "Sage Creek Basin (1015), Carbon County, Wyoming (WY)"
	},
	{
		"id": 1183,
		"site_name": "Sagwon (1183), North Slope County, Alaska (AK)"
	},
	{
		"id": 1100,
		"site_name": "Saint Elmo (1100), Chaffee County, Colorado (CO)"
	},
	{
		"id": 728,
		"site_name": "Salmon Meadows (728), Okanogan County, Washington (WA)"
	},
	{
		"id": 729,
		"site_name": "Salt Creek Falls (729), Lane County, Oregon (OR)"
	},
	{
		"id": 730,
		"site_name": "Salt River Summit (730), Lincoln County, Wyoming (WY)"
	},
	{
		"id": 1172,
		"site_name": "San Antonio Sink (1172), Rio Arriba County, New Mexico (NM)"
	},
	{
		"id": 731,
		"site_name": "Sand Lake (731), Carbon County, Wyoming (WY)"
	},
	{
		"id": 732,
		"site_name": "Sandstone RS (732), Carbon County, Wyoming (WY)"
	},
	{
		"id": 922,
		"site_name": "Santa Fe (922), Santa Fe County, New Mexico (NM)"
	},
	{
		"id": 1280,
		"site_name": "Santaquin Meadows (1280), Utah County, Utah (UT)"
	},
	{
		"id": 733,
		"site_name": "Santiam Jct. (733), Linn County, Oregon (OR)"
	},
	{
		"id": 1128,
		"site_name": "Sargents Mesa (1128), Saguache County, Colorado (CO)"
	},
	{
		"id": 734,
		"site_name": "Sasse Ridge (734), Kittitas County, Washington (WA)"
	},
	{
		"id": 1231,
		"site_name": "Satus Pass (1231), Klickitat County, Washington (WA)"
	},
	{
		"id": 735,
		"site_name": "Savage Pass (735), Idaho County, Idaho (ID)"
	},
	{
		"id": 1068,
		"site_name": "Sawmill Ridge (1068), King County, Washington (WA)"
	},
	{
		"id": 1251,
		"site_name": "Sawtooth (1251), Boulder County, Colorado (CO)"
	},
	{
		"id": 736,
		"site_name": "Schneider Meadows (736), Baker County, Oregon (OR)"
	},
	{
		"id": 737,
		"site_name": "Schofield Pass (737), Gunnison County, Colorado (CO)"
	},
	{
		"id": 915,
		"site_name": "Schwartz Lake (915), Lemhi County, Idaho (ID)"
	},
	{
		"id": 738,
		"site_name": "Schweitzer Basin (738), Bonner County, Idaho (ID)"
	},
	{
		"id": 739,
		"site_name": "Scotch Creek (739), Dolores County, Colorado (CO)"
	},
	{
		"id": 740,
		"site_name": "Secesh Summit (740), Valley County, Idaho (ID)"
	},
	{
		"id": 741,
		"site_name": "Sedgwick Peak (741), Bannock County, Idaho (ID)"
	},
	{
		"id": 742,
		"site_name": "Seeley Creek (742), Sanpete County, Utah (UT)"
	},
	{
		"id": 743,
		"site_name": "Seine Creek (743), Washington County, Oregon (OR)"
	},
	{
		"id": 744,
		"site_name": "Senorita Divide #2 (744), Rio Arriba County, New Mexico (NM)"
	},
	{
		"id": 1043,
		"site_name": "Sentinel Butte (1043), Ferry County, Washington (WA)"
	},
	{
		"id": 745,
		"site_name": "Sevenmile Marsh (745), Klamath County, Oregon (OR)"
	},
	{
		"id": 746,
		"site_name": "Seventysix Creek (746), Elko County, Nevada (NV)"
	},
	{
		"id": 747,
		"site_name": "Shanghi Summit (747), Clearwater County, Idaho (ID)"
	},
	{
		"id": 1060,
		"site_name": "Sharkstooth (1060), Montezuma County, Colorado (CO)"
	},
	{
		"id": 748,
		"site_name": "Sheep Canyon (748), Cowlitz County, Washington (WA)"
	},
	{
		"id": 749,
		"site_name": "Sheep Mtn. (749), Bingham County, Idaho (ID)"
	},
	{
		"id": 751,
		"site_name": "Shell Creek (751), Big Horn County, Wyoming (WY)"
	},
	{
		"id": 752,
		"site_name": "Sherwin (752), Latah County, Idaho (ID)"
	},
	{
		"id": 753,
		"site_name": "Short Creek (753), Madison County, Montana (MT)"
	},
	{
		"id": 754,
		"site_name": "Shower Falls (754), Gallatin County, Montana (MT)"
	},
	{
		"id": 1169,
		"site_name": "Shuree (1169), Colfax County, New Mexico (NM)"
	},
	{
		"id": 1034,
		"site_name": "Sierra Blanca (1034), Lincoln County, New Mexico (NM)"
	},
	{
		"id": 755,
		"site_name": "Signal Peak (755), Grant County, New Mexico (NM)"
	},
	{
		"id": 756,
		"site_name": "Silver Creek (756), Lake County, Oregon (OR)"
	},
	{
		"id": 757,
		"site_name": "Silver Creek Divide (757), Catron County, New Mexico (NM)"
	},
	{
		"id": 1205,
		"site_name": "Silver Creek Nv (1205), White Pine County, Nevada (NV)"
	},
	{
		"id": 759,
		"site_name": "Silvies (759), Harney County, Oregon (OR)"
	},
	{
		"id": 760,
		"site_name": "Skalkaho Summit (760), Granite County, Montana (MT)"
	},
	{
		"id": 1257,
		"site_name": "Skate Creek (1257), Lewis County, Washington (WA)"
	},
	{
		"id": 912,
		"site_name": "Skookum Creek (912), King County, Washington (WA)"
	},
	{
		"id": 1286,
		"site_name": "Slagamelt Lakes (1286), Beaverhead County, Montana (MT)"
	},
	{
		"id": 783,
		"site_name": "Sleeping Woman (783), Sanders County, Montana (MT)"
	},
	{
		"id": 761,
		"site_name": "Slug Creek Divide (761), Caribou County, Idaho (ID)"
	},
	{
		"id": 762,
		"site_name": "Slumgullion (762), Hinsdale County, Colorado (CO)"
	},
	{
		"id": 926,
		"site_name": "Smiley Mountain (926), Custer County, Idaho (ID)"
	},
	{
		"id": 763,
		"site_name": "Smith Morehouse (763), Summit County, Utah (UT)"
	},
	{
		"id": 1167,
		"site_name": "Smith Ridge (1167), Linn County, Oregon (OR)"
	},
	{
		"id": 764,
		"site_name": "Snake River Station (764), Teton County, Wyoming (WY)"
	},
	{
		"id": 765,
		"site_name": "Snider Basin (765), Sublette County, Wyoming (WY)"
	},
	{
		"id": 767,
		"site_name": "Snow Mountain (767), Harney County, Oregon (OR)"
	},
	{
		"id": 766,
		"site_name": "Snowbird (766), Salt Lake County, Utah (UT)"
	},
	{
		"id": 927,
		"site_name": "Snowslide Canyon (927), Coconino County, Arizona (AZ)"
	},
	{
		"id": 1208,
		"site_name": "Snowstorm Mtn (1208), Elko County, Nevada (NV)"
	},
	{
		"id": 1132,
		"site_name": "Soldier Park (1132), Johnson County, Wyoming (WY)"
	},
	{
		"id": 769,
		"site_name": "Soldier R.S. (769), Camas County, Idaho (ID)"
	},
	{
		"id": 770,
		"site_name": "Somsen Ranch (770), Caribou County, Idaho (ID)"
	},
	{
		"id": 771,
		"site_name": "Sonora Pass (771), Mono County, California (CA)"
	},
	{
		"id": 985,
		"site_name": "Sourdough Gulch (985), Asotin County, Washington (WA)"
	},
	{
		"id": 772,
		"site_name": "South Brush Creek (772), Carbon County, Wyoming (WY)"
	},
	{
		"id": 773,
		"site_name": "South Colony (773), Custer County, Colorado (CO)"
	},
	{
		"id": 925,
		"site_name": "South Fork Bull Run (925), Clackamas County, Oregon (OR)"
	},
	{
		"id": 774,
		"site_name": "South Mtn. (774), Owyhee County, Idaho (ID)"
	},
	{
		"id": 775,
		"site_name": "South Pass (775), Fremont County, Wyoming (WY)"
	},
	{
		"id": 776,
		"site_name": "Spencer Meadow (776), Skamania County, Washington (WA)"
	},
	{
		"id": 777,
		"site_name": "Spirit Lake (777), Skamania County, Washington (WA)"
	},
	{
		"id": 1117,
		"site_name": "Spirit Lk (1117), Daggett County, Utah (UT)"
	},
	{
		"id": 778,
		"site_name": "Spratt Creek (778), Alpine County, California (CA)"
	},
	{
		"id": 779,
		"site_name": "Spring Creek Divide (779), Sublette County, Wyoming (WY)"
	},
	{
		"id": 984,
		"site_name": "Spruce Springs (984), Garfield County, Washington (WA)"
	},
	{
		"id": 780,
		"site_name": "Spud Mountain (780), San Juan County, Colorado (CO)"
	},
	{
		"id": 781,
		"site_name": "Spur Park (781), Judith Basin County, Montana (MT)"
	},
	{
		"id": 782,
		"site_name": "Squaw Flat (782), Adams County, Idaho (ID)"
	},
	{
		"id": 784,
		"site_name": "Squaw Valley G.C. (784), Placer County, California (CA)"
	},
	{
		"id": 786,
		"site_name": "St. Lawrence Alt (786), Fremont County, Wyoming (WY)"
	},
	{
		"id": 1203,
		"site_name": "Stag Mountain (1203), Elko County, Nevada (NV)"
	},
	{
		"id": 787,
		"site_name": "Stahl Peak (787), Lincoln County, Montana (MT)"
	},
	{
		"id": 788,
		"site_name": "Stampede Pass (788), King County, Washington (WA)"
	},
	{
		"id": 789,
		"site_name": "Starr Ridge (789), Grant County, Oregon (OR)"
	},
	{
		"id": 1258,
		"site_name": "State Line (1258), Modoc County, California (CA)"
	},
	{
		"id": 790,
		"site_name": "Steel Creek Park (790), Summit County, Utah (UT)"
	},
	{
		"id": 791,
		"site_name": "Stevens Pass (791), King County, Washington (WA)"
	},
	{
		"id": 792,
		"site_name": "Stickney Mill (792), Custer County, Idaho (ID)"
	},
	{
		"id": 793,
		"site_name": "Stillwater Creek (793), Grand County, Colorado (CO)"
	},
	{
		"id": 794,
		"site_name": "Strawberry (794), Lake County, Oregon (OR)"
	},
	{
		"id": 795,
		"site_name": "Strawberry Divide (795), Wasatch County, Utah (UT)"
	},
	{
		"id": 1009,
		"site_name": "Stringer Creek (1009), Meagher County, Montana (MT)"
	},
	{
		"id": 901,
		"site_name": "Stuart Mountain (901), Missoula County, Montana (MT)"
	},
	{
		"id": 797,
		"site_name": "Stump Lakes (797), San Juan County, Colorado (CO)"
	},
	{
		"id": 798,
		"site_name": "Sucker Creek (798), Sheridan County, Wyoming (WY)"
	},
	{
		"id": 1095,
		"site_name": "Sugarloaf Mtn (1095), Valdez-cordova County, Alaska (AK)"
	},
	{
		"id": 800,
		"site_name": "Summer Rim (800), Lake County, Oregon (OR)"
	},
	{
		"id": 955,
		"site_name": "Summit Creek (955), Kenai Peninsula County, Alaska (AK)"
	},
	{
		"id": 801,
		"site_name": "Summit Lake (801), Klamath County, Oregon (OR)"
	},
	{
		"id": 1194,
		"site_name": "Summit Lk (1194), Humboldt County, Nevada (NV)"
	},
	{
		"id": 1052,
		"site_name": "Summit Meadow (1052), Alpine County, California (CA)"
	},
	{
		"id": 802,
		"site_name": "Summit Ranch (802), Summit County, Colorado (CO)"
	},
	{
		"id": 1078,
		"site_name": "Sun Pass (1078), Klamath County, Oregon (OR)"
	},
	{
		"id": 1249,
		"site_name": "Sunflower Flat (1249), Garfield County, Utah (UT)"
	},
	{
		"id": 803,
		"site_name": "Sunset (803), Shoshone County, Idaho (ID)"
	},
	{
		"id": 804,
		"site_name": "Surprise Lakes (804), Skamania County, Washington (WA)"
	},
	{
		"id": 967,
		"site_name": "Susitna Valley High (967), Matanuska-susitna County, Alaska (AK)"
	},
	{
		"id": 1248,
		"site_name": "Suu Ranch (1248), Iron County, Utah (UT)"
	},
	{
		"id": 975,
		"site_name": "Swamp Creek (975), Skagit County, Washington (WA)"
	},
	{
		"id": 1077,
		"site_name": "Swan Lake Mtn (1077), Klamath County, Oregon (OR)"
	},
	{
		"id": 805,
		"site_name": "Swede Peak (805), Blaine County, Idaho (ID)"
	},
	{
		"id": 1012,
		"site_name": "Swift Creek (1012), Skamania County, Washington (WA)"
	},
	{
		"id": 806,
		"site_name": "Sylvan Lake (806), Park County, Wyoming (WY)"
	},
	{
		"id": 807,
		"site_name": "Sylvan Road (807), Park County, Wyoming (WY)"
	},
	{
		"id": 809,
		"site_name": "Tahoe City Cross (809), Placer County, California (CA)"
	},
	{
		"id": 1247,
		"site_name": "Takka Wiiya (1247), Juab County, Utah (UT)"
	},
	{
		"id": 1168,
		"site_name": "Taos Powderhorn (1168), Taos County, New Mexico (NM)"
	},
	{
		"id": 810,
		"site_name": "Taylor Butte (810), Klamath County, Oregon (OR)"
	},
	{
		"id": 811,
		"site_name": "Taylor Canyon (811), Elko County, Nevada (NV)"
	},
	{
		"id": 812,
		"site_name": "Taylor Green (812), Baker County, Oregon (OR)"
	},
	{
		"id": 1266,
		"site_name": "Telaquana Lake (1266), Bethel County, Alaska (AK)"
	},
	{
		"id": 1013,
		"site_name": "Temple Fork (1013), Cache County, Utah (UT)"
	},
	{
		"id": 1202,
		"site_name": "Tent Mtn Lower (1202), Elko County, Nevada (NV)"
	},
	{
		"id": 813,
		"site_name": "Tepee Creek (813), Madison County, Montana (MT)"
	},
	{
		"id": 951,
		"site_name": "Teuchet Creek (951), Fairbanks North Star County, Alaska (AK)"
	},
	{
		"id": 814,
		"site_name": "Thaynes Canyon (814), Summit County, Utah (UT)"
	},
	{
		"id": 1226,
		"site_name": "Thistle Flat (1226), Sanpete County, Utah (UT)"
	},
	{
		"id": 815,
		"site_name": "Three Creeks Meadow (815), Deschutes County, Oregon (OR)"
	},
	{
		"id": 816,
		"site_name": "Thumb Divide (816), Teton County, Wyoming (WY)"
	},
	{
		"id": 817,
		"site_name": "Thunder Basin (817), Skagit County, Washington (WA)"
	},
	{
		"id": 818,
		"site_name": "Tie Creek (818), Sheridan County, Wyoming (WY)"
	},
	{
		"id": 819,
		"site_name": "Timber Creek (819), Park County, Wyoming (WY)"
	},
	{
		"id": 1097,
		"site_name": "Timberline (1097), Carbon County, Utah (UT)"
	},
	{
		"id": 820,
		"site_name": "Timpanogos Divide (820), Utah County, Utah (UT)"
	},
	{
		"id": 899,
		"site_name": "Tinkham Creek (899), King County, Washington (WA)"
	},
	{
		"id": 821,
		"site_name": "Tipton (821), Baker County, Oregon (OR)"
	},
	{
		"id": 893,
		"site_name": "Tizer Basin (893), Jefferson County, Montana (MT)"
	},
	{
		"id": 1136,
		"site_name": "Toe Jam (1136), Elko County, Nevada (NV)"
	},
	{
		"id": 822,
		"site_name": "Togwotee Pass (822), Teton County, Wyoming (WY)"
	},
	{
		"id": 1044,
		"site_name": "Toketee Airstrip (1044), Douglas County, Oregon (OR)"
	},
	{
		"id": 1089,
		"site_name": "Tokositna Valley (1089), Matanuska-susitna County, Alaska (AK)"
	},
	{
		"id": 934,
		"site_name": "Tolby (934), Colfax County, New Mexico (NM)"
	},
	{
		"id": 823,
		"site_name": "Tony Grove Lake (823), Cache County, Utah (UT)"
	},
	{
		"id": 1113,
		"site_name": "Tony Grove RS (1113), Cache County, Utah (UT)"
	},
	{
		"id": 824,
		"site_name": "Touchet (824), Columbia County, Washington (WA)"
	},
	{
		"id": 825,
		"site_name": "Tower (825), Routt County, Colorado (CO)"
	},
	{
		"id": 826,
		"site_name": "Townsend Creek (826), Fremont County, Wyoming (WY)"
	},
	{
		"id": 827,
		"site_name": "Trapper Lake (827), Garfield County, Colorado (CO)"
	},
	{
		"id": 1083,
		"site_name": "Tres Ritos (1083), Taos County, New Mexico (NM)"
	},
	{
		"id": 828,
		"site_name": "Trial Lake (828), Summit County, Utah (UT)"
	},
	{
		"id": 829,
		"site_name": "Trinchera (829), Costilla County, Colorado (CO)"
	},
	{
		"id": 1171,
		"site_name": "Trinity (1171), Chelan County, Washington (WA)"
	},
	{
		"id": 830,
		"site_name": "Trinity Mtn. (830), Elmore County, Idaho (ID)"
	},
	{
		"id": 831,
		"site_name": "Triple Peak (831), Sublette County, Wyoming (WY)"
	},
	{
		"id": 832,
		"site_name": "Trough (832), Chelan County, Washington (WA)"
	},
	{
		"id": 833,
		"site_name": "Trout Creek (833), Uintah County, Utah (UT)"
	},
	{
		"id": 834,
		"site_name": "Truckee #2 (834), Placer County, California (CA)"
	},
	{
		"id": 954,
		"site_name": "Turnagain Pass (954), Kenai Peninsula County, Alaska (AK)"
	},
	{
		"id": 835,
		"site_name": "Twelvemile Creek (835), Ravalli County, Montana (MT)"
	},
	{
		"id": 836,
		"site_name": "Twin Lakes (836), Ravalli County, Montana (MT)"
	},
	{
		"id": 837,
		"site_name": "Two Ocean Plateau (837), Teton County, Wyoming (WY)"
	},
	{
		"id": 838,
		"site_name": "University Camp (838), Boulder County, Colorado (CO)"
	},
	{
		"id": 952,
		"site_name": "Upper Chena (952), Fairbanks North Star County, Alaska (AK)"
	},
	{
		"id": 1227,
		"site_name": "Upper Joes Valley (1227), Emery County, Utah (UT)"
	},
	{
		"id": 1090,
		"site_name": "Upper Nome Creek (1090), Yukon-koyukuk County, Alaska (AK)"
	},
	{
		"id": 839,
		"site_name": "Upper Rio Grande (839), Hinsdale County, Colorado (CO)"
	},
	{
		"id": 840,
		"site_name": "Upper San Juan (840), Mineral County, Colorado (CO)"
	},
	{
		"id": 1141,
		"site_name": "Upper Taylor (1141), Gunnison County, Colorado (CO)"
	},
	{
		"id": 1055,
		"site_name": "Upper Tsaina River (1055), Valdez-cordova County, Alaska (AK)"
	},
	{
		"id": 841,
		"site_name": "Upper Wheeler (841), Chelan County, Washington (WA)"
	},
	{
		"id": 1098,
		"site_name": "Usu Doc Daniel (1098), Cache County, Utah (UT)"
	},
	{
		"id": 1005,
		"site_name": "Ute Creek (1005), Costilla County, Colorado (CO)"
	},
	{
		"id": 1137,
		"site_name": "Vacarro Springs (1137), Eureka County, Nevada (NV)"
	},
	{
		"id": 1017,
		"site_name": "Vacas Locas (1017), Rio Arriba County, New Mexico (NM)"
	},
	{
		"id": 842,
		"site_name": "Vail Mountain (842), Eagle County, Colorado (CO)"
	},
	{
		"id": 843,
		"site_name": "Vallecito (843), La Plata County, Colorado (CO)"
	},
	{
		"id": 979,
		"site_name": "Van Wyck (979), Washington County, Idaho (ID)"
	},
	{
		"id": 844,
		"site_name": "Vernon Creek (844), Tooele County, Utah (UT)"
	},
	{
		"id": 845,
		"site_name": "Vienna Mine (845), Blaine County, Idaho (ID)"
	},
	{
		"id": 846,
		"site_name": "Virginia Lakes Ridge (846), Mono County, California (CA)"
	},
	{
		"id": 1188,
		"site_name": "Wager Gulch (1188), Hinsdale County, Colorado (CO)"
	},
	{
		"id": 847,
		"site_name": "Waldron (847), Teton County, Montana (MT)"
	},
	{
		"id": 848,
		"site_name": "Ward Creek #3 (848), Placer County, California (CA)"
	},
	{
		"id": 849,
		"site_name": "Ward Mountain (849), White Pine County, Nevada (NV)"
	},
	{
		"id": 850,
		"site_name": "Warm Springs (850), Granite County, Montana (MT)"
	},
	{
		"id": 974,
		"site_name": "Waterhole (974), Clallam County, Washington (WA)"
	},
	{
		"id": 852,
		"site_name": "Webber Springs (852), Carbon County, Wyoming (WY)"
	},
	{
		"id": 853,
		"site_name": "Webster Flat (853), Iron County, Utah (UT)"
	},
	{
		"id": 909,
		"site_name": "Wells Creek (909), Whatcom County, Washington (WA)"
	},
	{
		"id": 1160,
		"site_name": "Weminuche Creek (1160), Archuleta County, Colorado (CO)"
	},
	{
		"id": 854,
		"site_name": "Wesner Springs (854), San Miguel County, New Mexico (NM)"
	},
	{
		"id": 855,
		"site_name": "West Branch (855), Adams County, Idaho (ID)"
	},
	{
		"id": 924,
		"site_name": "West Yellowstone (924), Gallatin County, Montana (MT)"
	},
	{
		"id": 1147,
		"site_name": "Wheeler Peak (1147), White Pine County, Nevada (NV)"
	},
	{
		"id": 857,
		"site_name": "Whiskey Ck (857), Las Animas County, Colorado (CO)"
	},
	{
		"id": 858,
		"site_name": "Whiskey Creek (858), Gallatin County, Montana (MT)"
	},
	{
		"id": 859,
		"site_name": "Whiskey Park (859), Carbon County, Wyoming (WY)"
	},
	{
		"id": 860,
		"site_name": "White Elephant (860), Fremont County, Idaho (ID)"
	},
	{
		"id": 861,
		"site_name": "White Horse Lake (861), Coconino County, Arizona (AZ)"
	},
	{
		"id": 862,
		"site_name": "White Mill (862), Park County, Montana (MT)"
	},
	{
		"id": 863,
		"site_name": "White Pass E.S. (863), Yakima County, Washington (WA)"
	},
	{
		"id": 864,
		"site_name": "White River #1 (864), Wasatch County, Utah (UT)"
	},
	{
		"id": 1213,
		"site_name": "White River Nv (1213), White Pine County, Nevada (NV)"
	},
	{
		"id": 865,
		"site_name": "Widtsoe #3 (865), Garfield County, Utah (UT)"
	},
	{
		"id": 1042,
		"site_name": "Wild Basin (1042), Boulder County, Colorado (CO)"
	},
	{
		"id": 866,
		"site_name": "Wildcat (866), Greenlee County, Arizona (AZ)"
	},
	{
		"id": 867,
		"site_name": "Wildhorse Divide (867), Bannock County, Idaho (ID)"
	},
	{
		"id": 868,
		"site_name": "Willow Creek (868), Lincoln County, Wyoming (WY)"
	},
	{
		"id": 869,
		"site_name": "Willow Creek Pass (869), Grand County, Colorado (CO)"
	},
	{
		"id": 870,
		"site_name": "Willow Park (870), Larimer County, Colorado (CO)"
	},
	{
		"id": 871,
		"site_name": "Wilson Creek (871), Twin Falls County, Idaho (ID)"
	},
	{
		"id": 872,
		"site_name": "Windy Peak (872), Albany County, Wyoming (WY)"
	},
	{
		"id": 873,
		"site_name": "Wolf Creek (873), Union County, Oregon (OR)"
	},
	{
		"id": 874,
		"site_name": "Wolf Creek Summit (874), Mineral County, Colorado (CO)"
	},
	{
		"id": 875,
		"site_name": "Wolverine (875), Park County, Wyoming (WY)"
	},
	{
		"id": 876,
		"site_name": "Wood Creek (876), Lewis And Clark County, Montana (MT)"
	},
	{
		"id": 877,
		"site_name": "Workman Creek (877), Gila County, Arizona (AZ)"
	},
	{
		"id": 1228,
		"site_name": "Wrigley Creek (1228), Sanpete County, Utah (UT)"
	},
	{
		"id": 1197,
		"site_name": "Yankee Reservoir (1197), Iron County, Utah (UT)"
	},
	{
		"id": 878,
		"site_name": "Younts Peak (878), Park County, Wyoming (WY)"
	},
	{
		"id": 1033,
		"site_name": "Zirkel (1033), Jackson County, Colorado (CO)"
	}
]
